Player,ReactionTime_ms,KillDeathRatio,Accuracy_pct
P1,233.0,1.28,77.89999999999999
P2,214.29999999999998,1.23,68.1
P3,231.6,1.3399999999999999,68.89999999999999
P4,245.5,0.89,64.1
P5,218.6,0.81,69.39999999999999
P6,228.79999999999998,1.12,72.5
P7,239.8,1.05,62.5
P8,242.5,1.47,71.30000000000001
P9,226.9,1.1500000000000001,67.7
P10,229.4,0.84,70.5
